{"cameraMode":{"drawMode":0,"name":"Shaded","section":"Shading Mode"},"sceneLighting":true,"audioPlay":false,"sceneViewState":{"showFog":true,"showMaterialUpdate":false,"showSkybox":true,"showFlares":true,"showImageEffects":true,"showParticleSystems":true,"showVisualEffectGraphs":true,"m_FxEnabled":true},"in2DMode":false,"pivot":{"x":-10.218866348266602,"y":-20.17955207824707,"z":47.616188049316409},"rotation":{"x":-0.22841380536556245,"y":0.0487118735909462,"z":-0.011652563698589802,"w":-0.9724688529968262},"size":46.255733489990237,"orthographic":false}