{"cameraMode":{"drawMode":0,"name":"Shaded","section":"Shading Mode"},"sceneLighting":true,"audioPlay":false,"sceneViewState":{"showFog":true,"showMaterialUpdate":false,"showSkybox":true,"showFlares":true,"showImageEffects":true,"showParticleSystems":true,"showVisualEffectGraphs":true,"m_FxEnabled":true},"in2DMode":false,"pivot":{"x":22.804941177368165,"y":-2.4980382919311525,"z":61.81496810913086},"rotation":{"x":0.07525784522294998,"y":0.15228520333766938,"z":-0.011590665206313134,"w":0.9855157136917114},"size":39.64480209350586,"orthographic":false}