{"cameraMode":{"drawMode":0,"name":"Shaded","section":"Shading Mode"},"sceneLighting":false,"audioPlay":false,"sceneViewState":{"showFog":true,"showMaterialUpdate":false,"showSkybox":false,"showFlares":true,"showImageEffects":true,"showParticleSystems":true,"showVisualEffectGraphs":true,"m_FxEnabled":true},"in2DMode":false,"pivot":{"x":-0.08300018310546875,"y":3.2250001430511476,"z":0.10399973392486572},"rotation":{"x":0.2087937891483307,"y":0.05105292797088623,"z":-0.010830500163137913,"w":0.9766553044319153},"size":1.8371176719665528,"orthographic":false}